{ "compressionlevel":-1,
 "height":9,
 "infinite":false,
 "layers":[
        {
         "data":[12, 12, 12, 12, 12, 12, 12, 12, 12, 12, 12, 12, 12, 12, 98, 98, 98, 98, 98, 98, 98, 98, 12, 12, 12, 12, 98, 90, 90, 90, 90, 90, 90, 98, 12, 12, 12, 12, 98, 90, 90, 90, 90, 90, 90, 98, 12, 12, 12, 12, 98, 90, 90, 90, 90, 90, 90, 98, 12, 12, 12, 12, 98, 90, 90, 90, 90, 90, 90, 98, 12, 12, 12, 12, 98, 90, 90, 90, 90, 90, 90, 98, 12, 12, 12, 12, 98, 90, 90, 90, 90, 90, 90, 98, 12, 12, 12, 12, 98, 98, 98, 98, 98, 98, 98, 98, 12, 12],
         "height":9,
         "id":1,
         "name":"Tile Layer 1",
         "opacity":1,
         "type":"tilelayer",
         "visible":true,
         "width":12,
         "x":0,
         "y":0
        }],
 "nextlayerid":2,
 "nextobjectid":1,
 "orientation":"orthogonal",
 "renderorder":"right-down",
 "tiledversion":"1.7.2",
 "tileheight":64,
 "tilesets":[
        {
         "columns":13,
         "firstgid":1,
         "image":"..\/..\/..\/examenDiscoRoom\/assets\/sprites\/sokoban_tilesheet.png",
         "imageheight":512,
         "imagewidth":832,
         "margin":0,
         "name":"ground_tileset",
         "spacing":0,
         "tilecount":104,
         "tileheight":64,
         "tilewidth":64
        }],
 "tilewidth":64,
 "type":"map",
 "version":"1.6",
 "width":12
}